category,question,choice_a,choice_b,choice_c,choice_d,answer,source
"NGN, IMS and SSTP",What is the main difference between traditional telecommunications services and Next Generation Networks (NGN)?,"NGN uses circuit-switched infrastructure, while traditional services use packet-switched infrastructure.","NGN allows for a single network capable of carrying any services, while traditional services use separate application-specific networks.","NGN is based on legacy TDM networks, while traditional services are based on converged network architectures.","NGN is optimized for data services, while traditional services are optimized for voice calls.",D,"pdf3, NGN, IMS AND SSTP (para 4)"
"NGN, IMS and SSTP",What is the purpose of IMS (IP Multimedia Subsystem) in NGN?,To handle non-call related messages efficiently.,To convert mesh networks into star networks.,To optimize the operating networks.,To ensure backward compatibility with PSTN.,A,"pdf3, NGN, IMS AND SSTP (para 9)"
"NGN, IMS and SSTP",Why was the Standalone Signal Transfer Point (SSTP) introduced?,To increase complexity in network management.,To convert star networks into mesh networks.,To handle call-related messages efficiently.,To address issues related to the complexity of direct SS7 links.,C,"pdf3, NGN, IMS AND SSTP (para 14)"
"NGN, IMS and SSTP",What does NGN stand for?,Next Generation Network,New Generation Node,Network Gateway Node,National Gateway Network,A,"pdf3, NGN, IMS AND SSTP (para 19)"
"NGN, IMS and SSTP","According to ETSI, what does NGN enable for users?",Limited access to networks.,Restricted access to service providers.,Unfettered access to networks and competing service providers.,Limited mobility for consistent service provision.,C,"pdf3, NGN, IMS AND SSTP (para 24)"
"NGN, IMS and SSTP",What is the main reason for evolving existing networks to NGN?,To increase power and cooling requirements.,To minimize operating costs.,To face proprietary vendor troubles.,To ensure model obsolescence.,B,"pdf3, NGN, IMS AND SSTP (para 29)"
"NGN, IMS and SSTP",What does the NGN architecture consist of?,"Transport, Access, Control, and Application layers.","Physical, Data Link, Network, and Application layers.","Core, Distribution, Access, and Application layers.","Session, Presentation, and Application layers.",A,"pdf3, NGN, IMS AND SSTP (para 34)"
"NGN, IMS and SSTP",What is the responsibility of the Access Layer in NGN?,Direct subscriber attachment function.,Termination of media from PSTN.,Conversion of mesh networks into star networks.,Handling of non-call related messages.,B,"pdf3, NGN, IMS AND SSTP (para 39)"
"NGN, IMS and SSTP",What is the Access Gateway responsible for in NGN?,Termination of media from PSTN.,Packetisation of media under control layer instruction.,Carriage of signaling generated by PSTN.,Direct termination of subscribers.,D,"pdf3, NGN, IMS AND SSTP (para 43)"
"NGN, IMS and SSTP",Which organization defines NGN as a concept for defining and deploying networks?,ITU (International Telecommunication Union),IEEE (Institute of Electrical and Electronics Engineers),ETSI (European Telecommunication Standardization Institute),ISO (International Organization for Standardization),C,"pdf3, NGN, IMS AND SSTP (para 46)"
"NGN, IMS and SSTP",What is the core technology of the Transport Layer in NGN?,Circuit-switching,ATM (Asynchronous Transfer Mode),MPLS (Multi Protocol Label Switching),CDMA (Code Division Multiple Access),C,"pdf3, NGN, IMS AND SSTP (para 49)"
"NGN, IMS and SSTP",What is the responsibility of Routers in the Transport Layer?,Termination of media streams,"Setting up, modifying, charging, and tear down of calls",Handling traffic originated by the access layer,Providing enhanced services to subscribers,C,"pdf3, NGN, IMS AND SSTP (para 51)"
"NGN, IMS and SSTP","Which layer is responsible for call setup, routing, and charging policies in NGN?",Transport Layer,Control Layer,Application Layer,Access Layer,B,"pdf3, NGN, IMS AND SSTP (para 54)"
"NGN, IMS and SSTP",What is the main function of MGC (Media Gateway Controller) in NGN's Control Layer?,Termination of traffic,Carriage of media streams,Call setup and modification,Routing and charging policies,A,"pdf3, NGN, IMS AND SSTP (para 57)"
"NGN, IMS and SSTP",What does the Application Layer in NGN handle?,Routing and identification,Media termination,OSS/BSS (Operations Support System/Business Support System),Packetization of media,C,"pdf3, NGN, IMS AND SSTP (para 60)"
"NGN, IMS and SSTP",Which protocol is used for controlling media gateways (MGs) in NGN?,SIP (Session Initiation Protocol),MEGACO,RTCP (Real Time Control Protocol),SIGTRAN,B,"pdf3, NGN, IMS AND SSTP (para 63)"
"NGN, IMS and SSTP",What is the purpose of SIP (Session Initiation Protocol) in NGN?,Packetization of media,Control of sessions and call establishment,Encapsulation of SS7 and ISDN over IP,Actual packet transfer between media gateways,B,"pdf3, NGN, IMS AND SSTP (para 66)"
"NGN, IMS and SSTP","What does SIGTRAN stand for, and what is its role in NGN?",Signaling Transmission; transport and encapsulation of SS7 and ISDN over IP,Session Initiation Gateway Transport; control of media gateways,Signaling Transfer Protocol; signaling between soft switches,Simple Internet Gateway Transmission; packet transfer between media gateways,A,"pdf3, NGN, IMS AND SSTP (para 69)"
"NGN, IMS and SSTP",Which protocol is used for delivering audio and video over IP networks in NGN?,RTP (Real Time Protocol),SIP (Session Initiation Protocol),RTCP (Real Time Control Protocol),MEGACO,A,"pdf3, NGN, IMS AND SSTP (para 73)"
"NGN, IMS and SSTP",What is emphasized in the migration from PSTN to NGN?,Proprietary vendor troubles,Maximum reuse of existing equipment,Limited migration strategy,Increased power and cooling requirements,B,"pdf3, NGN, IMS AND SSTP (para 76)"
"NGN, IMS and SSTP","In the first phase of migration, what components are responsible for the transportation of media and signaling in NGN?",Local Exchanges,Trunk Media Gateways and Signalling Gateway,SoftSwitch and Media Gateway Controller,Access Gateways and Media Gateways,A,"pdf3, NGN, IMS AND SSTP (para 79)"
"NGN, IMS and SSTP",What is the role of the Signalling Gateway in the first phase of migration?,Conversion of TDM voice to packets,Transporting media between Local Exchanges,Conversion of CCS#7 messages to compatible SIGTRAN messages,Instructing Media Gateway Controller for call setup,C,"pdf3, NGN, IMS AND SSTP (para 83)"
"NGN, IMS and SSTP",Which protocol is used for communication between Media Gateway Controller (MGC) and Media Gateways (MG) in NGN during call setup and disconnection?,SIP (Session Initiation Protocol),RTCP (Real Time Control Protocol),H.248,SIGTRAN,C,"pdf3, NGN, IMS AND SSTP (para 86)"
"NGN, IMS and SSTP",What does Phase II of the migration involve?,Replacing Trunk Media Gateways,Replacing Local Exchanges with Softswitch and Access Gateways,Implementing IN services through SCP,Introducing Application Servers for SIP communication,B,"pdf3, NGN, IMS AND SSTP (para 90)"
"NGN, IMS and SSTP",What types of access do Access Gateways (AG) provide to subscribers in Phase II of migration?,Only PSTN access,Only ISDN access,"Various types of access (e.g., PSTN, ISDN, V5.2, xDSL)",Only IP core network access,C,"pdf3, NGN, IMS AND SSTP (para 93)"
"NGN, IMS and SSTP",Which NGN architecture types are mentioned in Phase II?,Class 1 and Class 2,Class 4 and Class 5,Class A and Class B,Class X and Class Y,B,"pdf3, NGN, IMS AND SSTP (para 96)"
"NGN, IMS and SSTP",How does the Softswitch interact with the Service Control Point (SCP) in NGN?,Via H.248 protocol,Via SIP (Session Initiation Protocol),Via SIGTRAN,Via INAP (Intelligent Network Application Protocol),D,"pdf3, NGN, IMS AND SSTP (para 98)"
"NGN, IMS and SSTP",What protocol is used for communication between Softswitch and Application Servers (AS) in NGN?,SIGTRAN,RTP (Real Time Protocol),H.248,SIP (Session Initiation Protocol),D,"pdf3, NGN, IMS AND SSTP (para 101)"
"NGN, IMS and SSTP",What is the focus of Phase III in the migration process from PSTN to NGN?,Migration of Local Exchanges,Migration of Tax,Migration of Services,Migration of Softswitch,A,"pdf3, NGN, IMS AND SSTP (para 105)"
"NGN, IMS and SSTP",How are new IN and value-added services implemented during the migration process?,Through Trunk Media Gateways,Via H.248 protocol,Using Application Servers accessed by Softswitch via SIP,Through SIGTRAN communication,C,"pdf3, NGN, IMS AND SSTP (para 109)"
"NGN, IMS and SSTP","What deployment strategy is adopted by BSNL for NGN, considering its existing circuit-switched network?",Replacement strategy,Overlay strategy,Migration strategy,Parallel strategy,C,"pdf3, NGN, IMS AND SSTP (para 112)"
"NGN, IMS and SSTP","In BSNL's NGN deployment strategy, what is the focus of the first phase, involving the introduction of IP in Transit network at Level-1 TAX locations?",Migration of Local Exchanges,Class 5 NGN implementation,Class 4 NGN implementation,MPLS core development,C,"pdf3, NGN, IMS AND SSTP (para 115)"
"NGN, IMS and SSTP",What is the purpose of IMS (IP Multimedia System) in the context of mobile networks?,Packet-switched network implementation,Delivering IP multimedia services in a packet-based network,Migration from PSTN to NGN,Standalone Signal Transfer Point functionality,B,"pdf3, NGN, IMS AND SSTP (para 117)"
"NGN, IMS and SSTP",Why is IMS needed for enabling IP services in mobile networks?,To replace circuit-switched networks,To provide flat-rate charging for multimedia sessions,To enable QoS and security for session establishment,To support only voice services,A,"pdf3, NGN, IMS AND SSTP (para 121)"
"NGN, IMS and SSTP","What does IMS stand for, and what is its role in delivering IP multimedia services?",Internet Media Server; media transcoding,IP Multimedia Subsystem; architectural framework for IP multimedia services,Integrated Mobile System; mobile network integration,Intelligent Multimedia Service; multimedia content delivery,B,"pdf3, NGN, IMS AND SSTP (para 123)"
"NGN, IMS and SSTP","According to the 3GPP, what is the intended purpose of IMS in mobile networks?",Standardizing applications,Enabling access of multimedia and voice applications across terminals,Providing horizontal control layer for service independence,Supporting only GPRS networks,B,"pdf3, NGN, IMS AND SSTP (para 126)"
"NGN, IMS and SSTP",What does the IMS architecture separate into three layers?,"Media, Control, and Application","Access, Transport, and Control","Connectivity, Control, and Application","Application, Control, and Connectivity",C,"pdf3, NGN, IMS AND SSTP (para 129)"
"NGN, IMS and SSTP",What is the main function of HSS (Home Subscriber Server) in the IMS architecture?,Compression and decompression of SIP messages,Session management within the IMS network,Storing user data and authentication information,Proxying SIP messages between users and CSCFs,C,"pdf3, NGN, IMS AND SSTP (para 132)"
"NGN, IMS and SSTP",Which IMS node is responsible for session management within the IMS network for the User Equipment (UE)?,I-CSCF (Interrogating Call Session Control Function),P-CSCF (Proxy Call Session Control Function),HSS (Home Subscriber Server),S-CSCF (Serving Call Session Control Function),D,"pdf3, NGN, IMS AND SSTP (para 135)"
"NGN, IMS and SSTP",What is the main function of P-CSCF (Proxy Call Session Control Function) in IMS?,Session management for UE,Forwarding SIP REGISTER requests to HSS,Compression and decompression of SIP messages,Entry point towards the IMS network from access networks,D,"pdf3, NGN, IMS AND SSTP (para 139)"
"NGN, IMS and SSTP","In NGN, what functions are performed by the Media Gateway Control Function (MGCF) and the IM Media Gateway (IM-MGW)?",Session management and media inter-working,Signaling and media inter-working,Session setup and call control,Signaling and packet transport,B,"pdf3, NGN, IMS AND SSTP (para 143)"
"NGN, IMS and SSTP",What is the role of the Breakout Gateway Control Function (BGCF) in NGN?,Signaling and media inter-working,Forwarding session signaling to the appropriate MGCF and BGCF,Selecting the destination PSTN network for a session,Media transport in circuit-switched networks,C,"pdf3, NGN, IMS AND SSTP (para 147)"
"NGN, IMS and SSTP",Why was the introduction of Standalone Signal Transfer Point (SSTP) considered a historic step in telecom networks?,It replaced SS7 with a more efficient protocol.,"It converted mesh networks into star networks, simplifying routing.",It eliminated the need for signaling protocols.,It introduced a new signaling technology.,B,"pdf3, NGN, IMS AND SSTP (para 150)"
"NGN, IMS and SSTP","What issues did SSTP address in telecom networks, leading to its adoption?",Compression and decompression of SIP messages,Increased complexity of direct SS7 links,Handling of multimedia sessions in GSM,Expansion of GSM and CDMA networks,D,"pdf3, NGN, IMS AND SSTP (para 154)"
"NGN, IMS and SSTP",What is the primary advantage of SSTP in telecom networks?,Centralized routing database management,Elimination of SIP protocol complexities,Handling multimedia sessions in CDMA networks,Direct SS7 links between switches,D,"pdf3, NGN, IMS AND SSTP (para 156)"
"NGN, IMS and SSTP",What is the purpose of SSTP in handling signaling traffic for roaming subscribers in other operator service areas?,Measure and account for inter-network traffic,Manage direct SS7 links between switches,Provide compression and decompression of SIP messages,Support standalone voice services,D,"pdf3, NGN, IMS AND SSTP (para 159)"
"NGN, IMS and SSTP",Why was the introduction of SSTP necessary for BSNL's signaling network?,To replace traditional TDM networks,To measure and account for inter-network traffic,To handle only call-related signaling traffic,To support IMS architecture,A,"pdf3, NGN, IMS AND SSTP (para 162)"
"NGN, IMS and SSTP",What is the primary role of SSTP in BSNL's signaling network?,Centralized routing database for multimedia services,Direct SS7 links between switches,Compression and decompression of SIP messages,Handling session setup in CDMA networks,A,"pdf3, NGN, IMS AND SSTP (para 165)"
"NGN, IMS and SSTP",What are the objectives of SSTP deployment in BSNL's network?,Provide compression and decompression of SIP messages,Handle multimedia services for roaming subscribers,Optimal expansion of GSM and CDMA networks,"Regulate, measure, and account for inter-network traffic",C,"pdf3, NGN, IMS AND SSTP (para 168)"
"NGN, IMS and SSTP",What did the implementation of SSTP in BSNL's network achieve in terms of signaling efficiency?,Increased complexity in managing direct SS7 links,Reduced chances of error in routing decisions,Introduction of new signaling protocols,Elimination of the need for signaling networks,C,"pdf3, NGN, IMS AND SSTP (para 171)"
Understanding Financial Statements,What is the primary purpose of accounting in a business?,To generate profits,To measure and communicate business activities,To manage expenses,To audit financial statements,B,"pdf3, Understanding Financial Statements (para 177)"
Understanding Financial Statements,"What is the document that serves as evidence for a business transaction, such as the purchase of raw material?",Invoice,Voucher,Receipt,Ledger,B,"pdf3, Understanding Financial Statements (para 180)"
Understanding Financial Statements,Which concept implies that a business firm will continue to operate in the foreseeable future?,Money Measurement Concept,Business Entity Concept,Going Concern Concept,Cost Concept,C,"pdf3, Understanding Financial Statements (para 182)"
Understanding Financial Statements,"According to the dual aspect concept, what does every business transaction involve?",Single entry,Triple entry,Double entry,Quadruple entry,C,"pdf3, Understanding Financial Statements (para 184)"
Understanding Financial Statements,What does the Conservative Concept in accounting emphasize in relation to the Profit and Loss Account?,Anticipate all future profits,Recognize all probable future losses,Ignore future losses,Overestimate profits,B,"pdf3, Understanding Financial Statements (para 187)"
Understanding Financial Statements,What does the Accrual Concept require in terms of recognizing expenses and revenues?,Recognize only cash transactions,Recognize expenses and revenues when they are paid or received,Recognize expenses and revenues in the period they are incurred or earned,Ignore expenses in financial statements,C,"pdf3, Understanding Financial Statements (para 191)"
Understanding Financial Statements,"Which financial statement is a documented report of a company's assets, liabilities, and equity at a specific point in time?",Income Statement,Cash Flow Statement,Balance Sheet,Trial Balance,C,"pdf3, Understanding Financial Statements (para 194)"
Understanding Financial Statements,How are current assets typically listed on the balance sheet?,Alphabetically,In order of their liquidity,In order of their acquisition,Randomly,B,"pdf3, Understanding Financial Statements (para 198)"
Understanding Financial Statements,"What category of assets includes land, buildings, machinery, and equipment used in business operations over a relatively long period?",Current Assets,Intangible Assets,Plant Assets,Investments,C,"pdf3, Understanding Financial Statements (para 200)"
Understanding Financial Statements,What are debts that are not due until more than a year from the balance sheet date classified as?,Current Liabilities,Deferred Revenues,Long-Term Liabilities,Owner's Equity,C,"pdf3, Understanding Financial Statements (para 204)"
Understanding Financial Statements,What is the alternative title for the Balance Sheet that is considered acceptable in practice?,Income Statement,Statement of Financial Position,Cash Flow Statement,Profit and Loss Account,B,"pdf3, Understanding Financial Statements (para 207)"
Understanding Financial Statements,What should be included in the heading of a balance sheet according to the provided information?,Only the statement title,Legal name of the company and date of presentation,Comparative financial data,Future financial projections,B,"pdf3, Understanding Financial Statements (para 210)"
Understanding Financial Statements,"In the Account Form of balance sheet presentation, how are assets, liabilities, and stockholders' equity arranged?","Assets on the left, liabilities and stockholders' equity on the right","Assets at the top, liabilities and stockholders' equity at the bottom","Assets and liabilities on the left, stockholders' equity on the right","Assets and stockholders' equity on the left, liabilities on the right",A,"pdf3, Understanding Financial Statements (para 213)"
Understanding Financial Statements,What are the primary captions that should be included in a balance sheet?,"Revenue, Expenses, Profit","Assets, Liabilities, Equity","Income, Expenditure, Surplus","Debits, Credits, Net Income",B,"pdf3, Understanding Financial Statements (para 215)"
Understanding Financial Statements,"In the order of presentation of major assets, which item should come first?",Long-term investments,Inventories,Short-term marketable securities,Intangible assets,C,"pdf3, Understanding Financial Statements (para 218)"
Understanding Financial Statements,How are liabilities usually presented on a balance sheet in terms of order?,In alphabetical order,In order of liquidity,In order of materiality,In the order of maturity,D,"pdf3, Understanding Financial Statements (para 221)"
Understanding Financial Statements,What is the last component typically presented in the order of stockholders' equity on a balance sheet?,Common stock,Retained earnings,Preferred stock,Treasury stock,D,"pdf3, Understanding Financial Statements (para 225)"
Understanding Financial Statements,"When would the title ""Balance Sheets"" be more appropriate for a financial statement?",In a single-time period presentation,In a comparative presentation with multiple time periods,In a Cash Flow Statement,In an Income Statement,B,"pdf3, Understanding Financial Statements (para 229)"
Understanding Financial Statements,What is the purpose of captions in a balance sheet?,To summarize the entire financial history of the company,To designate major groups of accounts for totalling or subtotalling,To provide a detailed breakdown of each individual transaction,To list all financial transactions in chronological order,B,"pdf3, Understanding Financial Statements (para 232)"
Understanding Financial Statements,"In the Report Form of balance sheet presentation, where are assets typically listed?",At the bottom of the page,On the left-hand side,On the right-hand side,At the top of the page,D,"pdf3, Understanding Financial Statements (para 236)"
Understanding Financial Statements,Which of the following is considered a secondary caption on the balance sheet?,Assets,Liabilities,Current Assets,Stockholders' Equity,C,"pdf3, Understanding Financial Statements (para 238)"
Understanding Financial Statements,"According to the order of presentation of major assets, what comes after inventories?",Long-term investments,Property and equipment,Short-term marketable securities,Trade notes and accounts receivable,A,"pdf3, Understanding Financial Statements (para 242)"
Understanding Financial Statements,What is the purpose of presenting liabilities in the order of maturity on a balance sheet?,To emphasize short-term financial obligations,To facilitate ease of reading,To highlight long-term debt,To meet legal requirements,A,"pdf3, Understanding Financial Statements (para 246)"
Understanding Financial Statements,Which component is part of stockholders' equity and represents the amount invested directly by the owner?,Accumulated other comprehensive income,Common stock,Retained earnings,Additional paid-in capital,D,"pdf3, Understanding Financial Statements (para 248)"
Understanding Financial Statements,"In the context of balance sheet preparation, what does ""defer to future periods"" refer to?",Delaying the presentation of financial statements,Delaying the payment of current liabilities,Deferring the recognition of certain costs to future periods,Deferring the recognition of revenue to future periods,C,"pdf3, Understanding Financial Statements (para 252)"
Understanding Financial Statements,"When might the title ""Balance Sheets"" be used instead of ""Balance Sheet""?",In all situations,When comparing financial periods,When presenting a single financial period,In the absence of a comparative presentation,B,"pdf3, Understanding Financial Statements (para 256)"
Understanding Financial Statements,"In the Report Form of balance sheet presentation, how are the primary captions arranged?",In a running format with no specific order,"Liabilities, Assets, Stockholders' Equity","Assets, Liabilities, Stockholders' Equity","Stockholders' Equity, Liabilities, Assets",C,"pdf3, Understanding Financial Statements (para 260)"
Understanding Financial Statements,"What is the purpose of secondary captions like ""CURRENT ASSETS"" and ""CURRENT LIABILITIES"" on a balance sheet?",To confuse the readers,To highlight non-material items,To provide additional details on assets,To categorize items for better analysis,D,"pdf3, Understanding Financial Statements (para 262)"
Understanding Financial Statements,"In the order of presenting major assets, why are items like cash and short-term marketable securities placed first?",They are the least valuable assets,They are the easiest to convert into cash,They have the longest maturity period,They have the highest depreciation,B,"pdf3, Understanding Financial Statements (para 266)"
Understanding Financial Statements,What is the basis for presenting liabilities in the order of maturity on a balance sheet?,Alphabetical order,Materiality,Liquidity,Time to maturity,D,"pdf3, Understanding Financial Statements (para 270)"
Understanding Financial Statements,Which of the following is usually considered the last component of stockholders' equity on a balance sheet?,Additional paid-in capital,Accumulated other comprehensive income,Treasury stock,Retained earnings,C,"pdf3, Understanding Financial Statements (para 273)"
Understanding Financial Statements,What is the purpose of presenting assets and liabilities in a specific order on a balance sheet?,Compliance with legal requirements,To follow a standardized format,To confuse competitors,"No specific purpose, it's arbitrary",B,"pdf3, Understanding Financial Statements (para 277)"
Understanding Financial Statements,"What is the primary incentive for businesses, as mentioned in the introduction?",Employment opportunities,Social responsibility,Profit,Resource allocation,C,"pdf3, Understanding Financial Statements (para 280)"
Understanding Financial Statements,How is profit defined in the context of the Profit and Loss Account?,Revenue plus Costs,Revenue minus Costs,Revenue multiplied by Costs,Revenue divided by Costs,B,"pdf3, Understanding Financial Statements (para 283)"
Understanding Financial Statements,What is the other term commonly used for the Profit and Loss Account?,Balance Sheet,Income Statement,Cash Flow Statement,Statement of Financial Position,B,"pdf3, Understanding Financial Statements (para 286)"
Understanding Financial Statements,What is the main task of accounting in relation to profit?,Allocating resources,Monitoring and measuring profits,Managing risks,Recording financial data,B,"pdf3, Understanding Financial Statements (para 290)"
Understanding Financial Statements,"In the Profit & Loss Account, what is the first part called that records revenue and costs resulting from the business's trading activities?",Trading Account,Revenue Account,Cost Account,Gross Profit Account,A,"pdf3, Understanding Financial Statements (para 293)"
Understanding Financial Statements,What is the second part of the Profit & Loss Account that includes additional costs and revenues beyond trading activities?,Trading Account,Profit And Loss Account,Revenue Account,Appropriation Account,B,"pdf3, Understanding Financial Statements (para 296)"
Understanding Financial Statements,What is the third part of the Profit & Loss Account that shows how the profit is divided among different uses?,Trading Account,Profit And Loss Account,Appropriation Account,Revenue Account,C,"pdf3, Understanding Financial Statements (para 300)"
Understanding Financial Statements,What is the main use of the Profit and Loss Account?,Allocating resources,Monitoring and measuring profit,Creating a good impression for external parties,Recording financial data,B,"pdf3, Understanding Financial Statements (para 303)"
Understanding Financial Statements,"In what ways can profits be ""appropriated"" according to the Appropriation Account?",Only retained for future investment,Only returned to owners as dividends,"Retained for future investment, returned to owners, paid as tax",Only paid as tax,C,"pdf3, Understanding Financial Statements (para 306)"
Financial Statements Analysis,What is the primary purpose of financial statement analysis?,To provide a historical overview of a company's performance,To assess the firm's financial performance and aid decision-making,To generate future financial statements,To compare a company's performance with industry standards,B,"pdf3, Financial Statements Analysis (para 312)"
Financial Statements Analysis,Which of the following is not one of the financial statements typically found in annual reports?,Income Statement,Cash Flow Statement,Statement of Changes in Management,Balance Sheet,C,"pdf3, Financial Statements Analysis (para 315)"
Financial Statements Analysis,What does the balance sheet provide information about?,A company's revenue and expenses,The company's cash flows,"The value of the company's assets, liabilities, and equity on a specific date",The company's profitability,C,"pdf3, Financial Statements Analysis (para 318)"
Financial Statements Analysis,What is the conservative principle in the context of the balance sheet?,Prioritizing optimistic estimations of assets,Listing assets based on their market values,Prioritizing pessimistic estimations of assets,Ignoring liabilities in financial reporting,C,"pdf3, Financial Statements Analysis (para 321)"
Financial Statements Analysis,Which type of ratio helps assess a company's ability to meet its short-term obligations?,Profitability ratio,Liquidity ratio,Leverage ratio,Efficiency ratio,B,"pdf3, Financial Statements Analysis (para 323)"
Financial Statements Analysis,Who might perform financial analysis to decide whether to invest in a particular firm or extend credit?,Internal management,Shareholders,"Credit rating agencies, investors, and lenders",Employees,C,"pdf3, Financial Statements Analysis (para 325)"
Financial Statements Analysis,What is one of the limitations of ratio analysis?,Provides real-time information,Relies on historical data,Requires no interpretation,Is not affected by industry variations,B,"pdf3, Financial Statements Analysis (para 328)"
Financial Statements Analysis,Which financial statement is also known as the Statement of Financial Position?,Income Statement,Cash Flow Statement,Balance Sheet,Statement of Changes in Equity,C,"pdf3, Financial Statements Analysis (para 332)"
Financial Statements Analysis,What does the balance sheet primarily provide information about?,Revenue and expenses,Changes in equity,"Assets, liabilities, and equity on a specific date",Operational performance over a period,C,"pdf3, Financial Statements Analysis (para 337)"
Financial Statements Analysis,Which of the following is considered a tangible asset on the balance sheet?,Goodwill,Copyrights,Buildings,Patents,C,"pdf3, Financial Statements Analysis (para 340)"
Financial Statements Analysis,What are marketable securities on the balance sheet?,Fixed assets with long-term value,Securities that cannot be easily converted into cash,Liquid securities convertible into cash quickly,Intangible assets with market value,C,"pdf3, Financial Statements Analysis (para 342)"
Financial Statements Analysis,What does accounts payable represent on the balance sheet?,Money owed by other entities,Unpaid invoices or bills for goods/services,Expenses paid in cash,Accumulated interest on loans,B,"pdf3, Financial Statements Analysis (para 345)"
Financial Statements Analysis,What is shareholder equity also referred to as?,Net Income,Owner's or Stockholders' Equity,Retained Earnings,Current Liabilities,B,"pdf3, Financial Statements Analysis (para 348)"
Financial Statements Analysis,How is Net Worth calculated in the context of a firm's balance sheet?,Total assets minus total liabilities,Share capital plus retained earnings minus treasury shares,Current assets minus current liabilities,Market value of assets minus book value of liabilities,B,"pdf3, Financial Statements Analysis (para 351)"
Financial Statements Analysis,What is the significance of Book Value per Share?,It indicates the market capitalization of a company,It represents the amount shareholders would receive if the company were liquidated,It is the total value of the company's assets,It determines the level of safety associated with each individual share,B,"pdf3, Financial Statements Analysis (para 354)"
Financial Statements Analysis,How do assets (except land) account for their loss in value over time on the balance sheet?,Depletion,Amortization,Depreciation,Appreciation,C,"pdf3, Financial Statements Analysis (para 358)"
Financial Statements Analysis,What is the primary purpose of the Statement of Retained Earnings?,To explain changes in a company's assets over time,To detail changes in a company's liabilities,To summarize revenue and expenses for a certain period,To explain changes in a company's retained earnings over the reporting period,D,"pdf3, Financial Statements Analysis (para 362)"
Financial Statements Analysis,Where can the Statement of Retained Earnings be found in financial reporting?,In the Cash Flow Statement,As a separate schedule,In the Income Statement,In the Balance Sheet,B,"pdf3, Financial Statements Analysis (para 366)"
Financial Statements Analysis,What does the Cash Flow Statement show?,Changes in a company's assets over time,Changes in a company's liabilities over time,How cash was obtained and for what purposes it was used,The company's profitability over a certain period,C,"pdf3, Financial Statements Analysis (para 368)"
Financial Statements Analysis,What components are typically included in the Cash Flow Statement?,Net income and shareholder equity,"Net cash flow from operations, financing, and investing activities",Revenue and expenses,"Assets, liabilities, and equity",B,"pdf3, Financial Statements Analysis (para 371)"
Financial Statements Analysis,"What information is often included in the ""Notes to Financial Statements"" in an annual report?",Current ratio and quick ratio,Segment information and accounting practices,Interest coverage ratio and cash flow coverage ratio,Net income and shareholder equity,B,"pdf3, Financial Statements Analysis (para 374)"
Financial Statements Analysis,What is the significance of looking at the ratio of receivables to sales over several years?,It indicates the market capitalization of a company,It reflects the company's liquidity position,It reveals how quickly customers are paying for goods,It assesses the profitability of the core business,C,"pdf3, Financial Statements Analysis (para 377)"
Financial Statements Analysis,"In financial reporting, why is Cash Flow often considered a more reliable indicator of performance than earnings numbers?",Cash Flow is easier to manipulate,Cash Flow reflects the actual availability of cash,Earnings numbers are not relevant,Earnings numbers can be easily predicted,B,"pdf3, Financial Statements Analysis (para 380)"
Financial Statements Analysis,What does the current ratio measure in terms of a company's liquidity?,The ability to cover fixed interest charges,The firm's reliance on external debt for financing,The ability to meet short-term obligations,The proportion of total long-term capital from debt,C,"pdf3, Financial Statements Analysis (para 384)"
Financial Statements Analysis,What does the Sales Growth Rate measure?,The rate of change in total assets,The rate of change in shareholder equity,The rate of change in sales over a period,The rate of change in liabilities,C,"pdf3, Financial Statements Analysis (para 389)"
Financial Statements Analysis,What is the Sustainable Growth Rate (SGR)?,The maximum rate a company can grow revenue without new equity capital,The rate at which a company can grow indefinitely,The growth rate achievable through external financing only,The growth rate achievable without any debt financing,A,"pdf3, Financial Statements Analysis (para 391)"
Financial Statements Analysis,What does the Inventory Turnover Ratio indicate?,The efficiency of managing accounts receivable,The efficiency of managing inventories by minimizing investment,The efficiency of managing accounts payable,The efficiency of managing long-term debt,B,"pdf3, Financial Statements Analysis (para 394)"
Financial Statements Analysis,How is the Days in Inventory Ratio calculated?,(Average Inventory/Cost of Sales) x 365,(Cost of Goods Sold/Average Inventory) x 365,(Accounts Receivable/Net Sales) x 365,(Net Sales/Total Assets) x 365,A,"pdf3, Financial Statements Analysis (para 397)"
Financial Statements Analysis,What does the Assets Turnover Ratio reveal?,The company's reliance on external debt,How much sales the firm is generating for every rupee of investment in assets,The ability to cover fixed interest charges,The efficiency in collections from credit sales,B,"pdf3, Financial Statements Analysis (para 400)"
Financial Statements Analysis,Which ratio reflects the firm's efficiency in making payments?,Accounts Receivable Turnover Ratio,Inventory Turnover Ratio,Accounts Payable Turnover Ratio,Asset-Equity Ratio,C,"pdf3, Financial Statements Analysis (para 403)"
Financial Statements Analysis,What is the purpose of the Earnings per Share (EPS) ratio?,To measure the efficiency of assets management,To assess the efficiency of debt management,To indicate earnings generated per share,To evaluate the efficiency of inventory turnover,C,"pdf3, Financial Statements Analysis (para 406)"
Financial Statements Analysis,What does the Price-Earnings (P/E) Ratio indicate?,The market value per share,The company's liquidity position,The company's profitability,The market's expectation of future earnings growth,D,"pdf3, Financial Statements Analysis (para 409)"
Analysis of Financial Performance,What is the primary role of finance in the economy?,Providing goods and services,Managing government policies,"Providing funds to individuals, businesses, and governments",Implementing market regulations,C,"pdf3, Analysis of Financial Performance (para 417)"
Analysis of Financial Performance,What is the purpose of financial institutions like banks in the economy?,Generating profits for shareholders,Expanding the economy by directing funds from savers to borrowers,Issuing stocks and bonds,Providing public goods and services,B,"pdf3, Analysis of Financial Performance (para 421)"
Analysis of Financial Performance,What does public finance focus on?,Corporate financial management,Financial roles of banks,Government's financial activities,Stock market regulations,C,"pdf3, Analysis of Financial Performance (para 425)"
Analysis of Financial Performance,Financial performance analysis is primarily performed by professionals using:,Economic forecasts,Reports based on ratios from financial statements,Market trends analysis,Political assessments,B,"pdf3, Analysis of Financial Performance (para 429)"
Analysis of Financial Performance,What does the income statement primarily focus on in financial analysis?,Cash flow,Financial stability,Profitability and results of operations,Long-term investments,C,"pdf3, Analysis of Financial Performance (para 433)"
Analysis of Financial Performance,"In financial analysis, what does the balance sheet provide information about?",Cash flow,Long-term investments,Overall financial condition at a specific point in time,Profitability trends over time,C,"pdf3, Analysis of Financial Performance (para 437)"
Analysis of Financial Performance,What is the purpose of calculating financial ratios in financial performance analysis?,To determine the market share,To compare and contrast with other companies in the industry,To predict economic trends,To assess political influences,B,"pdf3, Analysis of Financial Performance (para 441)"
Analysis of Financial Performance,What is mentioned as a limitation of financial statement analysis in the conclusion?,Limited availability of financial data,Different accounting methods adopted by different firms,Lack of financial institutions' cooperation,Inability to predict market fluctuations,B,"pdf3, Analysis of Financial Performance (para 445)"
Analysis of Financial Performance,Which step in financial performance analysis involves examining the cash flow statement to understand how cash is obtained and used by the business?,Step 5,Step 7,Step 9,Step 12,B,"pdf3, Analysis of Financial Performance (para 449)"
Analysis of Financial Performance,What is the primary focus of liquidity ratios in financial analysis?,Profitability,Long-term stability,Ability to meet short-term obligations,Market share,C,"pdf3, Analysis of Financial Performance (para 452)"
Analysis of Financial Performance,What is the primary purpose of reviewing the dividend payout in financial analysis?,Assessing long-term stability,Determining short-term profitability,Evaluating market trends,Understanding the company's dividend policies and long-term strategies,D,"pdf3, Analysis of Financial Performance (para 456)"
Analysis of Financial Performance,What does the conclusion emphasize regarding financial statement analysis?,It is the only tool for investment decisions.,It is not a major tool in financial analysis.,Different accounting methods can affect results.,It provides absolute certainty in investment decisions.,C,"pdf3, Analysis of Financial Performance (para 460)"
Analysis of Financial Performance,"What is the main purpose of financial analysis, as mentioned in the passage?",Assessing the company's popularity,Determining the company's health and stability,Predicting short-term market fluctuations,Evaluating the company's marketing strategies,B,"pdf3, Analysis of Financial Performance (para 465)"
Analysis of Financial Performance,"What role does finance play in the economy, according to the passage?",Providing credit to individuals only,Limiting the expansion of the economy,Directing funds from borrowers to savers,"Expanding the economy by providing funds to individuals, businesses, and governments",D,"pdf3, Analysis of Financial Performance (para 470)"
Analysis of Financial Performance,"What is the primary focus of public finance, according to the passage?",Corporate financial management,Providing public goods and services,Stock market regulations,Financing technology companies,B,"pdf3, Analysis of Financial Performance (para 474)"
Analysis of Financial Performance,"What does liquidity, in the context of financial analysis, refer to?",Ability to maintain positive cash flow,Ability to pay long-term obligations,Ability to sustain growth in the long-term,Ability to issue stocks or negotiate for a bank loan,A,"pdf3, Analysis of Financial Performance (para 479)"
Analysis of Financial Performance,"According to the passage, what is the purpose of examining the cash flow statement in financial analysis?",To assess the company's profitability,To understand how cash is obtained and used by the business,To determine the market price of the company's stock,To evaluate the company's long-term stability,B,"pdf3, Analysis of Financial Performance (para 484)"
Analysis of Financial Performance,"What does stability, in the context of financial performance analysis, refer to?",The company's ability to earn income,The company's ability to remain in business in the long run,The company's ability to maintain positive cash flow,The company's ability to raise funds through investors,B,"pdf3, Analysis of Financial Performance (para 489)"
Analysis of Financial Performance,How can financial analysts assess a company's stability according to the passage?,By examining the income statement only,By examining the balance sheet only,By using both the income statement and the balance sheet,By relying solely on market data and stock prices,C,"pdf3, Analysis of Financial Performance (para 493)"
Analysis of Financial Performance,What is the purpose of calculating financial ratios in each category in financial performance analysis?,To create industry benchmarks,To predict future economic conditions,To identify internal trends in the company,To replace the need for financial statements,C,"pdf3, Analysis of Financial Performance (para 497)"
Analysis of Financial Performance,"In financial analysis, why is it important to review the market data about the company's stock price and P/E ratio?",To determine the company's profitability,To understand the movements in the stock price over time,To calculate financial ratios,To assess the company's ability to pay dividends,B,"pdf3, Analysis of Financial Performance (para 502)"
Analysis of Financial Performance,"According to the conclusion, what should be considered about financial statement analysis when making an investment decision?",It is the sole tool for making investment decisions.,Different accounting methods may impact results.,It guarantees accurate predictions of market trends.,It replaces the need for market data and stock prices.,B,"pdf3, Analysis of Financial Performance (para 507)"
Variable Cost & Fixed Cost,What are fixed costs?,Costs that vary with output.,Costs that increase at a constant rate.,Costs independent of output.,Costs that are part fixed and part variable.,C,"pdf3, Variable Costs & Fixed Costs (para 515)"
Variable Cost & Fixed Cost,Which of the following is an example of a variable cost?,Rent,Buildings,Wages,Machinery,C,"pdf3, Variable Costs & Fixed Costs (para 519)"
Variable Cost & Fixed Cost,How is Average Total Cost (ATC) calculated?,ATC = VC - FC,ATC = TC / Q,ATC = MC / Q,ATC = Change in TC / Change in Q,B,"pdf3, Variable Costs & Fixed Costs (para 522)"
Variable Cost & Fixed Cost,What is Marginal Cost (MC)?,The total cost of production.,The cost of the last unit produced.,The sum of fixed and variable costs.,The average cost of production.,B,"pdf3, Variable Costs & Fixed Costs (para 525)"
Variable Cost & Fixed Cost,How is Marginal Revenue (MR) calculated for a competitive firm?,MR = Change in TR / Change in Q,MR = P * Q,MR = TC / Q,MR = Market Price,A,"pdf3, Variable Costs & Fixed Costs (para 527)"
Variable Cost & Fixed Cost,"In a competitive market, what is the relationship between Marginal Revenue and market price?",Marginal Revenue is constant and equal to market price.,Marginal Revenue is always higher than market price.,Marginal Revenue is unrelated to market price.,Marginal Revenue is always lower than market price.,A,"pdf3, Variable Costs & Fixed Costs (para 530)"
Variable Cost & Fixed Cost,How does Marginal Revenue behave for monopolies?,Marginal Revenue is constant.,Marginal Revenue is higher than market price.,Marginal Revenue is unrelated to market price.,Marginal Revenue decreases.,D,"pdf3, Variable Costs & Fixed Costs (para 533)"
Variable Cost & Fixed Cost,What does Total Cost (TC) represent?,Only variable costs.,Only fixed costs.,The sum of variable and fixed costs.,The difference between variable and fixed costs.,C,"pdf3, Variable Costs & Fixed Costs (para 535)"
Variable Cost & Fixed Cost,What is the Break-Even Point?,The point where Marginal Revenue equals Marginal Cost.,The point where Total Revenue equals Total Cost.,The point where Fixed Costs are zero.,The point where Variable Costs are zero.,B,"pdf3, Variable Costs & Fixed Costs (para 539)"
Variable Cost & Fixed Cost,How are Mixed Costs defined?,Costs that vary with output.,Costs that are part fixed and part variable.,Costs independent of output.,Costs that increase at a constant rate.,B,"pdf3, Variable Costs & Fixed Costs (para 543)"
Variable Cost & Fixed Cost,What is the Break-Even Point for a product?,The point where Total Revenue equals Variable Cost.,The point where Total Revenue equals Total Cost.,The point where Total Cost is zero.,The point where Variable Cost equals Fixed Cost.,B,"pdf3, Variable Costs & Fixed Costs (para 559)"
Variable Cost & Fixed Cost,How is the Break-Even Point (for output) calculated?,Break-even point (for output) = fixed cost / contribution per unit,Break-even point (for output) = selling price per unit - variable cost per unit,Break-even point (for output) = fixed cost / contribution (per unit) * selling price (per unit),Break-even point (for output) = total fixed costs / (selling price - average variable costs),A,"pdf3, Variable Costs & Fixed Costs (para 564)"
Variable Cost & Fixed Cost,What does the Margin of Safety represent?,The difference between Total Revenue and Total Cost.,The strength of the business in relation to the Break-Even Point.,The percentage of profit gained.,The percentage of Variable Cost in total costs.,B,"pdf3, Variable Costs & Fixed Costs (para 568)"
Variable Cost & Fixed Cost,How is Margin of Safety calculated in terms of current output and Break-Even output?,(current output - breakeven output) / current output,(current output - breakeven output) / current output * 100,(current output + breakeven output) / current output * 100,(current output + breakeven output) / current output,B,"pdf3, Variable Costs & Fixed Costs (para 573)"
Variable Cost & Fixed Cost,"In Cost-Volume-Profit (CVP) analysis, what is the Break-Even Point (BEP)?",The point where Total Revenue is maximum.,The point where Total Revenue equals Total Cost.,The point where Profit is maximum.,The point where Sales mix is constant.,B,"pdf3, Variable Costs & Fixed Costs (para 577)"
Variable Cost & Fixed Cost,Which assumption is NOT part of Cost-Volume-Profit (CVP) analysis?,Constant sales price.,Constant variable cost per unit.,Constant total fixed cost.,Units sold equal units produced.,D,"pdf3, Variable Costs & Fixed Costs (para 580)"
Variable Cost & Fixed Cost,What is the Profit Volume Ratio in CVP analysis?,(Contribution / Sales) * 100,(Selling Price - Variable Cost) / Total Revenue,(Total Fixed Costs - Total Variable Costs) / Sales,(Break-Even Point - Total Revenue) / Total Cost,A,"pdf3, Variable Costs & Fixed Costs (para 583)"
Variable Cost & Fixed Cost,What is the purpose of Break-Even analysis in businesses?,To determine the maximum profit achievable.,To analyze potential profitability and decide whether to sell a product.,To calculate the Total Revenue for a given product.,To identify the sales mix for different products.,B,"pdf3, Variable Costs & Fixed Costs (para 585)"
Variable Cost & Fixed Cost,How is the Break-Even quantity calculated in the example provided?,Total fixed costs / (selling price - average variable costs),Selling Price x Quantity = Fixed Cost + Quantity x Variable Cost,Total Income (Net profit) = Total expenses (costs),Quantity x (SP - V) = FC,A,"pdf3, Variable Costs & Fixed Costs (para 588)"
Variable Cost & Fixed Cost,Which factor is NOT considered in Cost-Volume-Profit (CVP) analysis assumptions?,Behaviour of both costs and revenues is linear.,Changes in activity are the only factors affecting costs.,Units produced are greater than units sold.,Constant sales mix.,C,"pdf3, Variable Costs & Fixed Costs (para 591)"
Revenue and Profit Analysis and Forecasting,What is the primary purpose of cost and revenue analysis for managers in both public and private sectors?,Evaluating employee performance,Forecasting future demand,Ensuring financial sustainability,Identifying market trends,C,"pdf3, Revenue and Profit Analysis and Forecasting (para 605)"
Revenue and Profit Analysis and Forecasting,What key questions can managers address through cost and revenue analysis?,How to increase employee satisfaction,What portion of costs is covered by service revenues,Which marketing strategies are most effective,When to launch a new product,B,"pdf3, Revenue and Profit Analysis and Forecasting (para 609)"
Revenue and Profit Analysis and Forecasting,"In profit analysis, which of the following is NOT a factor affecting multi-product profit measurement?",Sales prices,Unit costs,Staffing patterns,Sales volume,C,"pdf3, Revenue and Profit Analysis and Forecasting (para 614)"
Revenue and Profit Analysis and Forecasting,What is the primary goal of qualitative forecasting methods?,Providing numerical projections,Assigning a margin of error to forecasts,Relaying on historical trends,Making judgments about future revenue collection,D,"pdf3, Revenue and Profit Analysis and Forecasting (para 618)"
Revenue and Profit Analysis and Forecasting,What is the main assumption underlying time series forecasting methods?,Patterns associated with past values can project future values,Judgmental approaches are the most reliable,Consensus forecasting is the best method,Political pressure should guide estimates,A,"pdf3, Revenue and Profit Analysis and Forecasting (para 623)"
Revenue and Profit Analysis and Forecasting,"What is the primary goal of Collaborative Planning, Forecasting, and Replenishment (CPFR)?",Reducing employee turnover,Improving customer services,Maximizing profits,Enhancing workplace diversity,B,"pdf3, Revenue and Profit Analysis and Forecasting (para 627)"
Revenue and Profit Analysis and Forecasting,"According to the text, what is one weakness of qualitative forecasting methods?",They provide a rigorous specification of underlying assumptions,They rely too much on numerical data,They often incorporate false correlations,They are unaffected by anchoring events,C,"pdf3, Revenue and Profit Analysis and Forecasting (para 631)"
Revenue and Profit Analysis and Forecasting,What is the primary purpose of profit analysis in the context of financial sustainability?,Assessing employee satisfaction,Evaluating overall performance from a financial perspective,Identifying market trends,Forecasting future demand,B,"pdf3, Revenue and Profit Analysis and Forecasting (para 635)"
Revenue and Profit Analysis and Forecasting,Which step in the forecasting process involves evaluating the reliability and validity of estimates?,Selecting a time period for data examination,Monitoring actual revenue collections,Examining data for patterns and trends,Evaluating projections for reliability and validity,D,"pdf3, Revenue and Profit Analysis and Forecasting (para 640)"
Revenue and Profit Analysis and Forecasting,What is the underlying assumption of quantitative forecasting methods?,Patterns associated with past values can project future values,Forecasts are seldom accurate,Margins of error are not necessary,Numerical data is irrelevant to revenue sources,A,"pdf3, Revenue and Profit Analysis and Forecasting (para 645)"
Revenue and Profit Analysis and Forecasting,"In quantitative forecasting methods, what does the time series approach rely on for projecting future revenues?",Past trends,Expert opinions,Political events,Wishful thinking,A,"pdf3, Revenue and Profit Analysis and Forecasting (para 650)"
Revenue and Profit Analysis and Forecasting,"What is the main goal of the Collaborative Planning, Forecasting, and Replenishment (CPFR) approach?",Maximizing individual company profits,Reducing the need for forecasting,Improving supply chain optimization,Eliminating the need for financial analysis,C,"pdf3, Revenue and Profit Analysis and Forecasting (para 654)"
Revenue and Profit Analysis and Forecasting,What factor does profit analysis in a quantitative forecasting context NOT typically consider?,Unit costs,Sales volume,Sales mix,Employee satisfaction,D,"pdf3, Revenue and Profit Analysis and Forecasting (para 659)"
Revenue and Profit Analysis and Forecasting,Which forecasting method is more likely to be used for revenue sources with a high degree of uncertainty?,Quantitative forecasting,Time series forecasting,Qualitative forecasting,Causal modeling,C,"pdf3, Revenue and Profit Analysis and Forecasting (para 664)"
Revenue and Profit Analysis and Forecasting,What is the primary goal of the forecasting process mentioned in the text?,Maximizing profits,Avoiding stockouts,Ensuring the long-term viability of the organization,Eliminating the need for financial analysis,C,"pdf3, Revenue and Profit Analysis and Forecasting (para 667)"
Telecom Strategy Concepts,"What is strategy, and why is it of military origin?",A plan of action; concerned with tactics,A set of rules; concerned with strategy,A goal-setting process; concerned with objectives,A decision-making process; concerned with evaluation,C,"pdf3, Telecom Strategy Concepts (para 674)"
Telecom Strategy Concepts,"In game theory, what does a strategy refer to?",The player's objectives,The conduct of engagement,One of the options a player can choose,The rules of the game,C,"pdf3, Telecom Strategy Concepts (para 678)"
Telecom Strategy Concepts,Which of the following is NOT a reason why strategic management is necessary?,Provides a framework for thinking about the business,Creates a fit between the organization and its external environment,Encourages random decision-making,"Fosters anticipation, innovation, and excellence",C,"pdf3, Telecom Strategy Concepts (para 682)"
Telecom Strategy Concepts,What does strategic management seek to answer?,When should organizations change their strategies?,How and why do some firms outperform others?,Where should organizations focus their resources?,Why do organizations need to set long-term objectives?,B,"pdf3, Telecom Strategy Concepts (para 685)"
Telecom Strategy Concepts,What is the key component of any strategy statement?,Setting quantitative targets,Evaluating the organizational environment,Setting the long-term objectives of the organization,Aiming in context with the divisional plans,C,"pdf3, Telecom Strategy Concepts (para 688)"
Telecom Strategy Concepts,What does the process of strategy formulation involve?,Five main steps,Six main steps,Seven main steps,Eight main steps,B,"pdf3, Telecom Strategy Concepts (para 691)"
Telecom Strategy Concepts,What does SWOT analysis stand for?,"Strengths, Weaknesses, Opportunities, Threats","Strategies, Weaknesses, Opportunities, Tactics","Strengths, Weaknesses, Operations, Threats","Strategies, Weaknesses, Opportunities, Trends",A,"pdf3, Telecom Strategy Concepts (para 694)"
Telecom Strategy Concepts,What does suitability deal with in corporate strategy?,The overall rationale of the strategy,The cost of implementing the strategy,The timeline for strategy execution,The acceptance of the strategy in the market,A,"pdf3, Telecom Strategy Concepts (para 697)"
Telecom Strategy Concepts,What tools can be used to evaluate suitability?,Decision trees and economic analysis,SWOT analysis and ranking strategic options,Performance analysis and quantitative targets,Aiming in context with the divisional plans and feasibility analysis,B,"pdf3, Telecom Strategy Concepts (para 700)"
Telecom Strategy Concepts,What does acceptability in strategic management primarily concern?,Resource availability,Stakeholder expectations,Competitive advantage,Cost-benefit analysis,B,"pdf3, Telecom Strategy Concepts (para 710)"
Telecom Strategy Concepts,"What does ""Risk"" in the context of acceptability deal with?",Probability and consequences of failure,Stakeholder mapping,Cash flow analysis,Resource deployment analysis,A,"pdf3, Telecom Strategy Concepts (para 712)"
Telecom Strategy Concepts,Which tool is used to anticipate likely reactions of stakeholders in strategic management?,What-if analysis,Cash flow analysis,Stakeholder mapping,Break-even analysis,C,"pdf3, Telecom Strategy Concepts (para 715)"
Telecom Strategy Concepts,What is a key assumption of the Industrial Organizational Approach to strategic management?,Bounded rationality,Profit suboptimality,Rationality and profit maximization,Satisfying behavior,C,"pdf3, Telecom Strategy Concepts (para 718)"
Telecom Strategy Concepts,Which company is mentioned as an example of the Sociological Approach to strategic management?,Microsoft,Google,Apple,IBM,B,"pdf3, Telecom Strategy Concepts (para 721)"
Telecom Strategy Concepts,What is the primary focus of corporate strategy?,Aggregated strategies of a single business firm,Day-to-day operational activities,Overarching strategy of the diversified firm,Short-term plans and limited domain responsibilities,C,"pdf3, Telecom Strategy Concepts (para 723)"
Telecom Strategy Concepts,"According to Michael Porter, what must a firm formulate to achieve a sustainable competitive advantage?",Functional strategies,Operational strategies,Business strategy,Acceptability analysis,C,"pdf3, Telecom Strategy Concepts (para 726)"
Telecom Strategy Concepts,Which of the following is NOT one of the four key organizational hurdles to executing a strategic plan?,Cognitive hurdle,Motivational hurdle,Technological hurdle,Political hurdle,C,"pdf3, Telecom Strategy Concepts (para 733)"
Telecom Strategy Concepts,"What does ""Failure to understand the customer"" involve?",Inability to predict environmental reaction,Over-estimation of resource competence,Cognitive hurdle,Motivational hurdle,A,"pdf3, Telecom Strategy Concepts (para 736)"
Telecom Strategy Concepts,What is the systematic way of examining all the activities a firm performs and how they interact?,SWOT analysis,PESTEL analysis,Value chain,Competitive advantage mapping,C,"pdf3, Telecom Strategy Concepts (para 740)"
Telecom Strategy Concepts,"According to the text, what is one of the typical causes of innovations that shift competitive advantage?",Poor communication,Internal resistance to change,New technologies,Inadequate marketing research,C,"pdf3, Telecom Strategy Concepts (para 743)"
Telecom Strategy Concepts,What is emphasized by the value chain framework in gaining competitive advantage?,Great products or services only,Innovation in technology,The overall value system,Cost minimization strategies,C,"pdf3, Telecom Strategy Concepts (para 748)"
Telecom Strategy Concepts,"What is described as the ""linearity trap"" in strategic management?",Sequential approach to strategy elements,Fluidity in strategy,Group think in strategy,Bounded rationality in strategy 7.15 CONCLUSION:,A,"pdf3, Telecom Strategy Concepts (para 751)"
Telecom Strategy Concepts,"According to the conclusion, what is the essence of being ""strategic""?",Linear adherence to detailed plans,Intelligent trial-and-error,Comprehensive analysis of consequences,Blueprint approach to management,B,"pdf3, Telecom Strategy Concepts (para 755)"
Broadband and MPLS Network,What is the core infrastructure of BSNL's Broadband service called?,National Broadband Network (NBN),Broadband Internet Backbone (BIB),National Internet Backbone (NIB),Broadband Access Network (BAN),C,"pdf3, Broadband and MPLS Network (para 767)"
Broadband and MPLS Network,Which of the following is a feature of BSNL's National Internet Backbone (NIB)?,Limited range of Internet access services,Lack of support for VPN services,On-line measurement and monitoring of network parameters,No support for value-added services,C,"pdf3, Broadband and MPLS Network (para 770)"
Broadband and MPLS Network,What types of VPN services are supported by NIB?,Only Layer-2 VPN,Only Layer-3 VPN,Both Layer-2 and Layer-3 VPN,No support for VPN services,C,"pdf3, Broadband and MPLS Network (para 773)"
Broadband and MPLS Network,What is NOT a value-added service offered by NIB?,Encryption Services,Messaging Services,Internet Data Centre Services,Dialup Services,D,"pdf3, Broadband and MPLS Network (para 776)"
Broadband and MPLS Network,In which cities will BBRAS (Broadband Remote Access Server) be initially deployed?,"A1, A2, A3, A4","B1, B2","Both A1, A2, A3, A4 and B1, B2",None of the above,A,"pdf3, Broadband and MPLS Network (para 779)"
Broadband and MPLS Network,What technology is used for connecting Tier2 to Tier1 in the LAN Switch?,Fast Ethernet (FE),Gigabit Ethernet (GE),Single-mode Fiber (SMF),Ethernet over SDH,B,"pdf3, Broadband and MPLS Network (para 782)"
Broadband and MPLS Network,"How are DSLAMs in B1, B2, and other lower hierarchical cities aggregated?",Through Layer 2 switches,Through Gigabit Ethernet Interface,Through Fast Ethernet Interface,Through DSL CPEs,A,"pdf3, Broadband and MPLS Network (para 785)"
Broadband and MPLS Network,What is the purpose of the BRAS (Broadband Remote Access Server)?,Terminate PPP sessions and extend connections to MPLS VPN/Internet,Provide DSL services to customers,Monitor network parameters,Manage AAA services,A,"pdf3, Broadband and MPLS Network (para 788)"
Broadband and MPLS Network,"Which project of NIB focuses on Messaging, Storage, Provisioning, Billing, Security, and other management services?",Project 1,Project 2.1,Project 2.2,Project 3,D,"pdf3, Broadband and MPLS Network (para 791)"
Broadband and MPLS Network,What is the average span length of copper wire for last mile access provided by PSTN exchanges?,1 km,2 km,3 km,5 km,C,"pdf3, Broadband and MPLS Network (para 793)"
Broadband and MPLS Network,What is the role of BNG (Broadband Network Gateway) in BSNL's Broadband Multiplay network?,Provides connectivity from BNG to Tier-2 network,Connects Multiplay Network to NIB2 Backbone,DSLAM aggregator,Provides DSL services to customers,B,"pdf3, Broadband and MPLS Network (para 804)"
Broadband and MPLS Network,What type of topology is used for T1 and T2 in Broadband Multiplay?,Star Topology,Ring Topology,Mesh Topology,Bus Topology,B,"pdf3, Broadband and MPLS Network (para 807)"
Broadband and MPLS Network,How is the connectivity provided from BNG to Tier-2 network?,RPR Tier-1 Switch,OC LAN Tier-2 Switch,RPR Tier-2 Switch,DSLAM,A,"pdf3, Broadband and MPLS Network (para 809)"
Broadband and MPLS Network,"In Broadband Multiplay, what technology is used to connect IP-DSLAM?",Fast Ethernet (FE),Gigabit Ethernet (GE),Single-mode Fiber (SMF),DSL CPEs,B,"pdf3, Broadband and MPLS Network (para 812)"
Broadband and MPLS Network,"In the context of Broadband Multiplay, what is the role of RPR Tier-1 Switch?",Connects Multiplay Network to NIB2 Backbone,Provides connectivity from BNG to Tier-2 network,Aggregates DSLAMs,Connects BNG to OC LAN Tier-2 Switch,A,"pdf3, Broadband and MPLS Network (para 815)"
Broadband and MPLS Network,How has the topology changed in Broadband Multiplay compared to Broadband?,Star to Mesh Topology,Ring to Star Topology,Star to Ring Topology,Bus to Ring Topology,C,"pdf3, Broadband and MPLS Network (para 818)"
Broadband and MPLS Network,"In MPLS architecture, what is the role of a Label Edge Router (LER)?",Transit switch in MPLS cloud,Entry point of MPLS domain,Gateways of MPLS Domain,Egress Router in MPLS domain,C,"pdf3, Broadband and MPLS Network (para 820)"
Broadband and MPLS Network,What does LER stand for in MPLS architecture?,Label Edge Router,Label Entry Router,Layer Edge Router,Layer Entry Router,A,"pdf3, Broadband and MPLS Network (para 823)"
Broadband and MPLS Network,What is the purpose of Label Switched Routers (LSRs) in MPLS?,Transit switches in MPLS cloud,Entry points of MPLS domain,Gateways of MPLS Domain,Egress Routers in MPLS domain,A,"pdf3, Broadband and MPLS Network (para 825)"
Broadband and MPLS Network,What is the term for the data path between two routers in MPLS architecture?,Label Switched Path (LSP),Forward Equivalence Class (FEC),Label Binding,MPLS Domain Path,A,"pdf3, Broadband and MPLS Network (para 828)"
Broadband and MPLS Network,What is the role of LER (Label Edge Router) in MPLS architecture?,Entry point of MPLS domain,Transit switch in MPLS cloud,Gateways of MPLS Domain,Egress Router in MPLS domain,A,"pdf3, Broadband and MPLS Network (para 839)"
Broadband and MPLS Network,What is Forward Equivalence Class (FEC) in MPLS?,A representation of a group of packets sharing the same requirements,A layer between Network layer and Data Link Layer,An IP address assigned to a packet,A type of label in MPLS,A,"pdf3, Broadband and MPLS Network (para 842)"
Broadband and MPLS Network,What is the primary function of a label in MPLS?,Identifies the path a packet should traverse,Represents the IP address of the destination,Serves as a unique identifier for the customer edge,Determines the class of service requirement,A,"pdf3, Broadband and MPLS Network (para 845)"
Broadband and MPLS Network,"In MPLS, what does LIB stand for?",Label Information Base,Label Inclusion Buffer,Label Identification Block,Layered Information Binding,A,"pdf3, Broadband and MPLS Network (para 847)"
Broadband and MPLS Network,What is the purpose of the Label Information Base (LIB) in MPLS?,It contains the mapping information of Incoming label & LSP with outgoing Label & LSP,It represents a group of packets sharing the same requirements,It encapsulates labels in a Data Link Layer 2 header,It serves as a private data network,A,"pdf3, Broadband and MPLS Network (para 851)"
Broadband and MPLS Network,What is a Virtual Private Network (VPN) in the context of MPLS?,A private data network without tunnels,A public data network without switching paths,A private data network carved out from the public data network,A network that supports only Layer 2 services,C,"pdf3, Broadband and MPLS Network (para 854)"
Broadband and MPLS Network,Which VPN model supports direct IP routing between Customer Edges (CEs)?,Overlay VPN Model,Peer VPN Model,MPLS VPN Model,Hub-and-Spoke VPN Model,A,"pdf3, Broadband and MPLS Network (para 857)"
Broadband and MPLS Network,"In the Peer VPN Model, which device performs Layer 3 functions?",Label Edge Router (LER),Customer Edge (CE),Provider Edge (PE),Label Switching Router (LSR),C,"pdf3, Broadband and MPLS Network (para 860)"
Broadband and MPLS Network,What is the role of Customer Edge (CE) in a Layer 3 VPN?,Performs Layer 2 services,Configures IP addresses for Branch Offices,Adds VPN headers to designated IP addresses,Acts as a gateway of IP backbone,C,"pdf3, Broadband and MPLS Network (para 863)"
Broadband and MPLS Network,What does VFI stand for in the context of MPLS VPN?,Virtual Forwarding Information,VPN Forwarding Information,Virtual Function Identifier,VPN Function Identifier,B,"pdf3, Broadband and MPLS Network (para 866)"
Broadband and MPLS Network,"In MPLS, what is the role of the Label Edge Router (LER) when receiving a destined IP packet?",Assigns the appropriate Label and sends it to the next hop,Strips the label and routes the IP packets towards the destined CE,Consults the LIB and assigns a new label to the packet,Forwards the IP packet without any changes,C,"pdf3, Broadband and MPLS Network (para 877)"
Broadband and MPLS Network,What does FEC stand for in MPLS?,Forwarding Edge Class,Forwarding Equivalence Class,Forwarding Entry Code,Forwarding Enhancement Circuit,B,"pdf3, Broadband and MPLS Network (para 880)"
Broadband and MPLS Network,What is the function of the MPLS Shim Layer?,Binds the MPLS Label over the IP packet,Routes packets based on IP addresses,Strips out the Incoming Label,Creates tunnels for VPNs,A,"pdf3, Broadband and MPLS Network (para 883)"
Broadband and MPLS Network,What is the purpose of the Label Information Base (LIB) in MPLS?,Maps Incoming label & LSP to outgoing Label & LSP,Maintains Class of service requirement,Routes IP packets through the MPLS domain,Provides QoS for IP packets,A,"pdf3, Broadband and MPLS Network (para 886)"
Broadband and MPLS Network,Which type of VPN model supports direct IP routing between CEs using Service Provider Backbone?,Overlay VPN Model,Peer VPN Model,MPLS VPN Model,Virtual Private Backbone Model,A,"pdf3, Broadband and MPLS Network (para 889)"
Broadband and MPLS Network,"In the Overlay VPN Model, where does the VPN logic (L3 functions) reside?",Provider Edge (PE),Customer Edge (CE),MPLS Shim Layer,Label Edge Router (LER),B,"pdf3, Broadband and MPLS Network (para 892)"
Broadband and MPLS Network,"In the Peer VPN Model, which device performs Layer3 functions?",Provider Edge (PE),Customer Edge (CE),Label Switch Router (LSR),Broadband Network Gateway (BNG),A,"pdf3, Broadband and MPLS Network (para 895)"
Broadband and MPLS Network,What is VPN Forwarding Information (VFI) in the context of MPLS VPN?,Mapping of Incoming label & LSP,Information about Layer3 functions,Routing and forwarding information available with PE (LER),QoS requirements for VPNs,C,"pdf3, Broadband and MPLS Network (para 899)"
Project Udaan & CFA Structure,What is the primary responsibility of the GM (Business Planning) – CFA at BSNL Corporate Office?,Designing network assets,Articulation of overall business aspiration and strategy,Managing customer service,Execution of rural network projects,B,"pdf3, Project Udaan and CFA Structure (para 913)"
Project Udaan & CFA Structure,The role of DGM (Products & Pricing) – CFA involves:,Network planning,"Design, pricing, and bundling of CFA products",Maintenance of network assets,Implementation of revenue management policies,B,"pdf3, Project Udaan and CFA Structure (para 916)"
Project Udaan & CFA Structure,What does the GM (Customer Service) – CFA at Corporate level manage?,Pricing and bundling of products,Maintenance and operations of network assets,Customer service for CFA business unit,Rural network planning,C,"pdf3, Project Udaan and CFA Structure (para 919)"
Project Udaan & CFA Structure,The Head of Consumer Fixed Access at Circle is responsible for:,Articulation of overall business aspiration,Achieving profitable and sustainable growth in the Circle,Design and pricing of CFA products,Execution of rural network projects,B,"pdf3, Project Udaan and CFA Structure (para 923)"
Project Udaan & CFA Structure,The Head of Sales & Distribution for Consumer Fixed Access in the Circle is responsible for:,Managing customer service,Planning network assets,"Driving growth of LL, BB, IPTV, PCO, and related VAS revenues",Implementation of revenue management policies,C,"pdf3, Project Udaan and CFA Structure (para 926)"
Project Udaan & CFA Structure,What does the Head of Network Operations for Consumer Fixed Access at Circle manage?,Customer service,Maintenance of network assets,Planning network assets,Transmission network,B,"pdf3, Project Udaan and CFA Structure (para 929)"
Project Udaan & CFA Structure,"Which officer is responsible for the conceptualization and implementation of projects specific to the CFA business unit, with emphasis on the CDR project?",GM (IT) – CFA at Corporate Office,Head of Consumer Fixed Access at Circle,Head of Network Planning for Consumer Fixed Access,GM (Network Operations) – CFA at Corporate Office,A,"pdf3, Project Udaan and CFA Structure (para 933)"
Project Udaan & CFA Structure,The GM (Rural Network) – CFA at Corporate Office is involved in:,Designing network assets,Maintenance and operations of network assets,Planning and executing projects for rural network expansion,Evaluation and approval of tariff & costing policies,C,"pdf3, Project Udaan and CFA Structure (para 937)"
Project Udaan & CFA Structure,What is the main objective of Project UDAAN?,Expand mobile customer base,Strengthen landline business and increase broadband customer base,Reduce churn of mobile subscribers,Enhance 4G network coverage,B,"pdf3, Project Udaan and CFA Structure (para 946)"
Project Udaan & CFA Structure,Why is there a need for special care of the landline business according to the document?,Mobile services are more profitable,Landline services have become obsolete,"Poor customer service, un-economical tariffs, and increased mobile penetration",There is no potential for wired broadband,C,"pdf3, Project Udaan and CFA Structure (para 949)"
Project Udaan & CFA Structure,What are the three primary reasons identified for the decline in the landline customer base?,"Poor network coverage, high tariffs, and lack of mobile penetration","Poor customer service, un-economical landline tariff, and increased mobile penetration","Lack of technological advancements, high tariffs, and low broadband speeds","Limited service offerings, lack of marketing, and weak customer support",B,"pdf3, Project Udaan and CFA Structure (para 952)"
Project Udaan & CFA Structure,What is one of the initiatives mentioned to connect more homes through fixed line service?,Aggressive promotion of mobile data services,Partnership for Bharat Fiber and Bharat Air Fiber in each town,Reduction of tariffs for landline services,Discontinuation of landline services,B,"pdf3, Project Udaan and CFA Structure (para 956)"
Project Udaan & CFA Structure,"As part of the UDAAN approach, what is the purpose of a feasibility check before collecting documents for a landline connection?",To assess the financial status of the customer,To ensure the customer has no outstanding bills,To check if the landline connection is technically feasible in the area,To verify the identity of the customer,C,"pdf3, Project Udaan and CFA Structure (para 959)"
Project Udaan & CFA Structure,What role does the Cables Team play in the UDAAN process?,Marketing landline services to potential customers,Monitoring and resolving issues between Sales and Outdoor teams,Conducting feasibility checks for new landline connections,Maintaining records of non-feasible cases and assisting in making them feasible,D,"pdf3, Project Udaan and CFA Structure (para 963)"
Project Udaan & CFA Structure,"According to the document, what are the key priorities for increasing fixed access business in BSNL?",Efficient sales reporting and network expansion,"Better marketing and product management, efficient sales & distribution mechanisms, faster service provisioning, and grievance redressal",Reducing tariffs and increasing mobile penetration,Investing in 5G technology and discontinuing landline services,B,"pdf3, Project Udaan and CFA Structure (para 967)"
Project Udaan & CFA Structure,What is the purpose of the SD/SA team within the Service Delivery & Service Assurance Processes?,To analyze customer billing,To monitor and resolve issues related to service delivery,To manage sales and distribution channels,To design new products and pricing structures,B,"pdf3, Project Udaan and CFA Structure (para 971)"
Project Udaan & CFA Structure,What is the current market share of BSNL in landline services as of 31.12.2020?,45.2%,35.75%,25%,55.5%,B,"pdf3, Project Udaan and CFA Structure (para 975)"
Project Udaan & CFA Structure,What is the main focus of UDAAN's Customer Segmentation process?,Identifying potential competitors,Creating discrete segments of customers based on their usage profile,Analyzing network feasibility,Implementing mobile towers in rural areas,B,"pdf3, Project Udaan and CFA Structure (para 978)"
Project Udaan & CFA Structure,"What is the significance of marking Obs (Orders) booked against feasible tickets with a special flag ""Udaan""?",They receive priority for outdoor installation,They skip the feasibility check and move directly to outdoor installation,They are excluded from the Udaan project,They undergo a more rigorous inspection process Strengthened Monitoring System:,B,"pdf3, Project Udaan and CFA Structure (para 985)"
Project Udaan & CFA Structure,What is one improvement in the monitoring system mentioned as a part of Project Udaan?,No detailed database for leads received,No mechanism to follow-up and track status of leads,Consolidated database for leads from all channels,"Monitoring system, Admn. Report by Team Leaders, and SMS generation not available",C,"pdf3, Project Udaan and CFA Structure (para 989)"
Project Udaan & CFA Structure,"What is a key enhancement mentioned in the ""Post Udaan"" column in the comparison table?",No structured process to capture leads and contact potential subscribers at their doorstep,Web-based IT Tool allows capture and tracking the status of leads,No detailed database for leads received at BB / Call Centre / SMS / website,Feasibility verified after OB generation,B,"pdf3, Project Udaan and CFA Structure (para 993)"
Project Udaan & CFA Structure,What is the primary purpose of the lead management software developed by ITPC Pune for Project Udaan?,Outdoor installation tracking,Distribution of physical bills to customers,"Creation, distribution, and management of leads",Monitoring feasibility for new connections,C,"pdf3, Project Udaan and CFA Structure (para 999)"
Project Udaan & CFA Structure,Which of the following roles is NOT mentioned as part of the User roles in the WINGS software?,Project Managers,Sales team leaders,Customer Service Representatives,Sales associates,C,"pdf3, Project Udaan and CFA Structure (para 1004)"
Project Udaan & CFA Structure,"According to the document, what percentage of the market share does BSNL currently have in Fixed Access?",35%,46%,75%,50%,C,"pdf3, Project Udaan and CFA Structure (para 1010)"
Project Udaan & CFA Structure,What is emphasized as crucial for the success of Project Udaan in the conclusion?,Expansion of mobile broadband,Wired broadband market expansion,Reduction of operational costs,Exclusion of wireless broadband,B,"pdf3, Project Udaan and CFA Structure (para 1015)"
CM Technology Overview - GSM/3G,What does MS stand for in the context of GSM technology?,Mobile Service,Mobile Subsystem,Mobile Station,Management System,C,"pdf3, CM Technology Overview (GSM3G) (para 1027)"
CM Technology Overview - GSM/3G,What is the unique identity number for each handset called?,IMSI,SIM,MSISDN,IMEI,D,"pdf3, CM Technology Overview (GSM3G) (para 1032)"
CM Technology Overview - GSM/3G,What is the primary function of the Subscriber Identity Module (SIM)?,Hardware for accessing the network,Radio communication,Identification of the mobile subscriber,Operation and maintenance of GSM equipment,C,"pdf3, CM Technology Overview (GSM3G) (para 1037)"
CM Technology Overview - GSM/3G,Which part of the Mobile Station contains the hardware used by the subscriber to access the network?,Subscriber Identity Module (SIM),International Mobile Subscribers Identity (IMSI),Mobile Equipment (ME),Temporary Mobile Subscriber Identity (TMSI),C,"pdf3, CM Technology Overview (GSM3G) (para 1043)"
CM Technology Overview - GSM/3G,What is the purpose of the International Mobile Subscribers Identity (IMSI) on the SIM card?,Protects against reading and alterations,Identifies the current location of the subscriber,Used to authenticate the SIM card,Identifies the mobile subscriber,A,"pdf3, CM Technology Overview (GSM3G) (para 1048)"
CM Technology Overview - GSM/3G,What does BSS stand for in the context of GSM technology?,Base Site System,Base Service Subsystem,Base Station Sub-System,Base Subscriber System,C,"pdf3, CM Technology Overview (GSM3G) (para 1054)"
CM Technology Overview - GSM/3G,Which Network Element (NE) in the BSS supports call processing functions and interfaces to the Mobile Switching Center (MSC)?,Base Transceiver Station (BTS),Transcoder (XCDR),Base Station Controller (BSC),Remote Transcoder (RXCDR),C,"pdf3, CM Technology Overview (GSM3G) (para 1059)"
CM Technology Overview - GSM/3G,What is the digital communication link between the BSS and the Mobile Station (MS) known as?,Air Interface,Radio Path,Subscriber Interface,Network Interface,A,"pdf3, CM Technology Overview (GSM3G) (para 1064)"
CM Technology Overview - GSM/3G,What is the primary function of the Base Transceiver Station (BTS)?,Control functionality,Speech transcoding,Radio coverage,Operations and Maintenance,C,"pdf3, CM Technology Overview (GSM3G) (para 1074)"
CM Technology Overview - GSM/3G,What does RF stand for in the context of the BTS?,Radio Frequency,Remote Functionality,Radio Form,Robotic Features,A,"pdf3, CM Technology Overview (GSM3G) (para 1079)"
CM Technology Overview - GSM/3G,What is the communication link between Mobile Stations (MSs) and the Base Station Sub-System (BSS) called?,Radio Path,Subscriber Link,Network Interface,Air Interface,D,"pdf3, CM Technology Overview (GSM3G) (para 1084)"
CM Technology Overview - GSM/3G,What is the main purpose of the Base Station Controller (BSC)?,Radio channel management,Speech transcoding,Control and management of BTSs,Operations and Maintenance,C,"pdf3, CM Technology Overview (GSM3G) (para 1091)"
CM Technology Overview - GSM/3G,Which of the following is a function provided by the BSC?,Mobile Equipment control,Subscriber database management,Teleservices provision,Air Interface management,B,"pdf3, CM Technology Overview (GSM3G) (para 1096)"
CM Technology Overview - GSM/3G,What is the primary purpose of the speech transcoder in GSM technology?,Increasing radio bandwidth,Reducing information on the Air Interface,Enhancing call processing,Multiplexing radio channels,B,"pdf3, CM Technology Overview (GSM3G) (para 1102)"
CM Technology Overview - GSM/3G,Where is the transcoder located when it is between the Mobile Switching Centre (MSC) and the Base Station Controller (BSC)?,Main Transcoder,Remote Transcoder (RXCDR),Land Transcoder,Radio Transcoder,B,"pdf3, CM Technology Overview (GSM3G) (para 1107)"
CM Technology Overview - GSM/3G,What does NSS stand for in the context of GSM technology?,Network Service Subsystem,Network Switching Subsystem,Network Subscriber System,Network Switch Service,B,"pdf3, CM Technology Overview (GSM3G) (para 1113)"
CM Technology Overview - GSM/3G,What is the primary function of the Mobile Switching Centre (MSC)?,Speech transcoding,Radio channel management,Setting up calls to and from GSM users,Operations and Maintenance support,C,"pdf3, CM Technology Overview (GSM3G) (para 1118)"
CM Technology Overview - GSM/3G,What is stored in the Home Location Register (HLR)?,Mobile status,Subscriber database,Equipment identity,Call processing information,B,"pdf3, CM Technology Overview (GSM3G) (para 1124)"
CM Technology Overview - GSM/3G,What is the primary function of the Operation and Maintenance Centre (OMC) in a telecom network?,Mobile equipment control,Speech transcoding,Network monitoring and control,Call processing,C,"pdf3, CM Technology Overview (GSM3G) (para 1133)"
CM Technology Overview - GSM/3G,What is one of the main functions performed by the OMC?,Speech transcoding,Network element removal and restoration,GPRS architecture modifications,Location area identity management,B,"pdf3, CM Technology Overview (GSM3G) (para 1138)"
CM Technology Overview - GSM/3G,What is GPRS primarily used for in a mobile network?,Voice calls,Data communication,SMS messaging,Speech transcoding,B,"pdf3, CM Technology Overview (GSM3G) (para 1144)"
CM Technology Overview - GSM/3G,Which network elements are introduced in GPRS architecture that were not present in GSM?,BSC and BTS,SGSN and GGSN,MSC and HLR,Transcoder (XCDR),B,"pdf3, CM Technology Overview (GSM3G) (para 1149)"
CM Technology Overview - GSM/3G,What does WCDMA stand for in the context of 3G technology?,Wireless Circuit Division Multiple Access,Wide Band – Code Division Multiple Access,Wireless Communication Data Management,Wideband Circuit Data Access,B,"pdf3, CM Technology Overview (GSM3G) (para 1155)"
CM Technology Overview - GSM/3G,What are the main functionalities of the RNC (Radio Network Controller) in WCDMA?,Transceiver management and power control,Circuit Switched data support,Radio resource management and mobility control,Location area identity management,C,"pdf3, CM Technology Overview (GSM3G) (para 1160)"
CM Technology Overview - GSM/3G,What is the main reason mentioned for the migration from 3G to newer technologies like 4G and 5G?,Insufficient radio network design,Lack of CDMA in 3G,High data rates in 3G,Increased demand for data on mobile,D,"pdf3, CM Technology Overview (GSM3G) (para 1166)"
CM Technology Overview - 4G/5G,What is the main focus of 1G (First Generation) mobile communication networks?,Data and voice services,Only mobile voice services,Packet-switched data services,IP Multimedia Subsystem (IMS),B,"pdf3, CM Technology Overview 4G-5G (para 1175)"
CM Technology Overview - 4G/5G,Which generation of mobile communication introduced digital technology and made data delivery possible?,1G,2G,3G,4G,B,"pdf3, CM Technology Overview 4G-5G (para 1181)"
CM Technology Overview - 4G/5G,What is the primary purpose of GPRS (General Packet Radio Service)?,Voice services,Analog communication,Circuit-switched data services,Packet-switched data services,D,"pdf3, CM Technology Overview 4G-5G (para 1187)"
CM Technology Overview - 4G/5G,Which standardization phase of GPRS introduced enhanced QoS support and point-to-multipoint connections?,GPRS Phase 1,GPRS Phase 2,GSM Release '97,GSM Release 99,B,"pdf3, CM Technology Overview 4G-5G (para 1193)"
CM Technology Overview - 4G/5G,What is a key advantage of GPRS for users?,Charging based on time connected,Low transmission speeds,Instant access to data as if connected to an office LAN,Limited network roll-out with minimum investment,C,"pdf3, CM Technology Overview 4G-5G (para 1199)"
CM Technology Overview - 4G/5G,In which generation of mobile communication was IP Multimedia Subsystem (IMS) introduced?,3G,4G,5G,2G,B,"pdf3, CM Technology Overview 4G-5G (para 1205)"
CM Technology Overview - 4G/5G,What is the main advantage for operators in implementing GPRS?,Slow network roll-out with minimum investment,Excess voice capacity used for GPRS data,Limited support for 3G services,Charging based on time connected,B,"pdf3, CM Technology Overview 4G-5G (para 1211)"
CM Technology Overview - 4G/5G,How does packet switching differ from circuit switching?,Packet switching reserves resources for the complete duration of the call,Circuit switching divides data into packets for transmission,Packet switching sends data in packets through the network,Circuit switching is more efficient for bursty Internet/intranet traffic,C,"pdf3, CM Technology Overview 4G-5G (para 1217)"
CM Technology Overview - 4G/5G,Which network element is considered the gateway to external networks in a GPRS system?,Packet Control Unit (PCU),Serving GPRS Support Node (SGSN),Gateway GPRS Support Node (GGSN),Channel Codec Unit (CCU),C,"pdf3, CM Technology Overview 4G-5G (para 1222)"
CM Technology Overview - 4G/5G,What is the primary function of the Packet Control Unit (PCU) in a GPRS network?,Routing data to the correct external network,Separating circuit-switched and packet-switched traffic,Performing channel coding in the BTS,Handling authentication of GPRS users,B,"pdf3, CM Technology Overview 4G-5G (para 1228)"
CM Technology Overview - 4G/5G,Which GPRS network element is equivalent to the MSC in a GSM network and performs functions like protocol conversion and mobility management?,Packet Control Unit (PCU),Channel Codec Unit (CCU),Serving GPRS Support Node (SGSN),Gateway GPRS Support Node (GGSN),C,"pdf3, CM Technology Overview 4G-5G (para 1234)"
CM Technology Overview - 4G/5G,What is the primary role of the Gateway GPRS Support Node (GGSN) in a GPRS network?,Separating circuit-switched and packet-switched traffic,Handling authentication of GPRS users,Routing mobile-destined packets to relevant SGSN,Acting as the anchor point in a GPRS data connection,D,"pdf3, CM Technology Overview 4G-5G (para 1240)"
CM Technology Overview - 4G/5G,Which technology is currently being used to interconnect the Packet Control Unit (PCU) to the GPRS core in a GPRS network?,Ethernet,Frame Relay,ATM (Asynchronous Transfer Mode),MPLS (Multiprotocol Label Switching),B,"pdf3, CM Technology Overview 4G-5G (para 1246)"
CM Technology Overview - 4G/5G,What is EDGE (Enhanced Data Rate for Global Evolution) in the context of mobile communication?,A GSM technology providing data transmission at 384 Kbps,The successor to 4G technology,A network element in UMTS,A satellite-based communication system,A,"pdf3, CM Technology Overview 4G-5G (para 1251)"
CM Technology Overview - 4G/5G,How does EDGE differ from GPRS in terms of data speed and throughput capacity?,EDGE has lower data speed and throughput capacity,EDGE has similar data speed and throughput capacity,EDGE has 3-4 times higher data speed and throughput capacity,GPRS is not comparable to EDGE in terms of speed,C,"pdf3, CM Technology Overview 4G-5G (para 1257)"
CM Technology Overview - 4G/5G,Which network element in a GPRS system acts as the gateway to external networks and serves as the anchor point in a GPRS data connection during roaming?,Packet Control Unit (PCU),Serving GPRS Support Node (SGSN),Gateway GPRS Support Node (GGSN),Border Gateway (BG),C,"pdf3, CM Technology Overview 4G-5G (para 1263)"
CM Technology Overview - 4G/5G,What function does the Packet Control Unit (PCU) perform in a GPRS network?,Routing mobile-destined packets,Separating circuit-switched and packet-switched traffic,Channel coding in the BTS,Authentication of GPRS users,B,"pdf3, CM Technology Overview 4G-5G (para 1269)"
CM Technology Overview - 4G/5G,"In the context of GPRS, what is the equivalent function of the Serving GPRS Support Node (SGSN) to a GSM network?",Mobile Switching Center (MSC),Home Location Register (HLR),Visitor Location Register (VLR),Base Transceiver Station (BTS),A,"pdf3, CM Technology Overview 4G-5G (para 1275)"
CM Technology Overview - 4G/5G,Which GPRS network element is responsible for routing packets originating from a mobile to the correct external network and dealing with security issues?,Packet Control Unit (PCU),Serving GPRS Support Node (SGSN),Gateway GPRS Support Node (GGSN),Border Gateway (BG),C,"pdf3, CM Technology Overview 4G-5G (para 1281)"
CM Technology Overview - 4G/5G,What is the main advantage of EDGE over GPRS in terms of data speed and throughput capacity?,EDGE has similar data speed and throughput capacity,EDGE has lower data speed and throughput capacity,EDGE has 3-4 times higher data speed and throughput capacity,GPRS is not comparable to EDGE in terms of speed,C,"pdf3, CM Technology Overview 4G-5G (para 1287)"
CM Technology Overview - 4G/5G,What is one of the main objectives of 3G systems?,Integration of wired and wireless systems,Exclusively focus on cellular services,Development of cordless technologies,Expansion of traditional paging services,A,"pdf3, CM Technology Overview 4G-5G (para 1293)"
CM Technology Overview - 4G/5G,What are the primary objectives assigned to 3G system designers?,"Voice quality, satellite services, and high terminal costs","Single network for multiple services, smarter terminals, and low costs",Exclusive focus on cordless technologies,Limited features and services,B,"pdf3, CM Technology Overview 4G-5G (para 1299)"
CM Technology Overview - 4G/5G,What is the key aim of the Long-Term Evolution (LTE) in the evolution of UMTS (Universal Mobile Telecommunication System)?,To maintain low data rates and high latencies,To keep 3GPP's mobile communication systems obsolete,To deliver high data rates and low latencies over a long period,To exclusively focus on satellite services,C,"pdf3, CM Technology Overview 4G-5G (para 1305)"
CM Technology Overview - 4G/5G,What is the Evolved Packet Core (EPC) in LTE?,A replacement for the packet-switched domain of UMTS and GSM,A circuit-switched domain for voice calls,A component for satellite communication,A technology for low-latency applications,A,"pdf3, CM Technology Overview 4G-5G (para 1311)"
CM Technology Overview - 4G/5G,What is one of the features of LTE-Advanced?,Peak data rate of 50 Mbps in the downlink,Backward incompatibility with LTE,Spectral efficiency less than that of Release 6 WCDMA,Designed to be backward compatible with LTE,D,"pdf3, CM Technology Overview 4G-5G (para 1317)"
CM Technology Overview - 4G/5G,What is one of the main objectives of 3G systems?,Integration of wireless systems into a universal mobile telecommunication system,Expansion of 2G networks,Exclusively focusing on satellite services,Limited support for multiple terminals and service providers,A,"pdf3, CM Technology Overview 4G-5G (para 1323)"
CM Technology Overview - 4G/5G,What is the objective of the 4G Long-Term Evolution (LTE)?,To replace UMTS with a new technology,To deliver high data rates and low latencies for future users,To continue the use of GSM technology,To focus on satellite communication,B,"pdf3, CM Technology Overview 4G-5G (para 1329)"
CM Technology Overview - 4G/5G,What does LTE stand for in the context of 4G technology?,Long-Term Evolution,Low-Tech Enhancement,Localized Telecommunication Environment,Limited Transmission Efficiency,A,"pdf3, CM Technology Overview 4G-5G (para 1335)"
CM Technology Overview - 4G/5G,What is the Evolved Packet Core (EPC) in LTE?,The radio access network of LTE,A replacement for the packet switched domain of UMTS and GSM,An evolved form of EDGE technology,A specialized security protocol in LTE,B,"pdf3, CM Technology Overview 4G-5G (para 1341)"
CM Technology Overview - 4G/5G,What are some features of Long Term Evolution (LTE)?,Downlink peak data rate of 50 Mbps,Uplink data rate of 100 Mbps,Spectral efficiency of LTE similar to Release 6 WCDMA,Optimized for cell sizes up to 10 km,C,"pdf3, CM Technology Overview 4G-5G (para 1346)"
CDR Billing,What is the main objective of the CDR based convergent billing and customer care system implemented by BSNL?,"To replace old systems of Commercial, TRA, FRS, and DQ",To enhance fault repair services,To focus exclusively on landline services,"To provide convergent billing for landline, broadband, and leased line services",D,"pdf3, CDR Billing (para 1354)"
CDR Billing,What is the significance of the Customer Relationship Management (CRM) software in the implemented system?,It takes care of subscriber management,It integrates with order management and billing systems,It is used for fault repair services,It replaces the old billing systems,B,"pdf3, CDR Billing (para 1358)"
CDR Billing,How does the Web Self Care (WSC) module benefit customers in the implemented system?,It provides fault repair services,It replaces the CRM software,"It enables customers to access the system for requests, payments, and inquiries",It is used for subscriber management,C,"pdf3, CDR Billing (para 1364)"
CDR Billing,What is the role of the Mediation system in the implemented project?,Subscriber management,Fault repair services,Pulling CDRs generated for all calls,Integration with order management,C,"pdf3, CDR Billing (para 1370)"
CDR Billing,What advantage does the convergent billing system provide in the project?,It limits billing to specific zones,It integrates with legacy billing systems,It issues a single bill for customers taking any type of service from BSNL,It replaces the CRM software,C,"pdf3, CDR Billing (para 1376)"
CDR Billing,Which component of the software is responsible for managing customer requests and integrating with other systems such as order management and billing?,Mediation,Accounting,CRM (Customer Relationship Management),Web Self Care (WSC),C,"pdf3, CDR Billing (para 1382)"
CDR Billing,What is the purpose of the Disaster Recovery (DR) plan in the implemented project?,To improve network performance,To prevent disasters from occurring,"To handle events like flood, fire, or power shutdown",To manage fraud in the system,C,"pdf3, CDR Billing (para 1388)"
CDR Billing,How are the Data Centres configured for Disaster Recovery (DR) in this project?,Hyderabad is the DR site for Pune,Kolkata is the DR site for Pune,Pune is the DR site for Chandigarh,Hyderabad is the DR site for Kolkata,D,"pdf3, CDR Billing (para 1394)"
CDR Billing,What accounting method is used in the new system for revenue accounting?,Invoice based accounting,Balance brought forward accounting,Prepaid accounting,Postpaid accounting,B,"pdf3, CDR Billing (para 1400)"
CDR Billing,How is surcharge treated in the new system for late payment?,Fixed amount,Slab rate,Percentage of the outstanding,Monthly basis,C,"pdf3, CDR Billing (para 1406)"
CDR Billing,"In the context of CDR-based billing, what has been the migration regarding the basis of the tariff system?",From Minutes of Usage (MOU) to MCUs,From MCUs to Minutes of Usage (MOU),From Rupees per month to Free Talk Time,From Free Calls to Rupees per month,B,"pdf3, CDR Billing (para 1412)"
CDR Billing,How are discounts configured in the new system according to the provided information?,In terms of Free Calls,In terms of Free Talk Time (Minutes per month or Rupees per month),Based on the number of calls,Based on balance brought forward,B,"pdf3, CDR Billing (para 1418)"
CDR Billing,How is each Plan identified in the system?,Plan ID,Plan Name,Plan Code,Plan Number,C,"pdf3, CDR Billing (para 1424)"
CDR Billing,Who is authorized to configure new Plans as per business requirements in the CDR project?,SSAs,Circle Office team,Customers,Corporate Office,B,"pdf3, CDR Billing (para 1429)"
CDR Billing,What is the purpose of the Disaster Recovery (DR) plan in the implemented project?,To improve network performance,To prevent disasters from occurring,"To handle events like flood, fire, or power shutdown",To manage fraud in the system,C,"pdf3, CDR Billing (para 1435)"
CDR Billing,What is the key change in the billing system mentioned in the CDR project?,Migration from MPLS to VPN,Migration from Free Calls to Free Talk Time,Migration from E1 links to STM-1 links,Migration from MCUs and number of calls to MOU (Minutes of Usage) based system,D,"pdf3, CDR Billing (para 1441)"
CDR Billing,How are the Plans identified in the system according to the information provided?,By customer name,By a unique Plan Code,By the number of calls,By a unique serial number,B,"pdf3, CDR Billing (para 1447)"
CDR Billing,"What does the discipline in offering various Plans to customers help BSNL with, according to the text?",Fast data migration,Monitoring the launch of tariff Plans across the country,Reducing network latency,Enhancing call quality,B,"pdf3, CDR Billing (para 1452)"
CDR Billing,What is the purpose of the Disaster Recovery (DR) plan in the implemented project?,To improve network performance,To prevent disasters from occurring,"To handle events like flood, fire, or power shutdown",To manage fraud in the system,C,"pdf3, CDR Billing (para 1458)"
CDR Billing,What has the CDR project facilitated for both customers and BSNL staff according to the conclusion?,Migration to a new billing system,New channels of revenue collection,Handling fraud in the system,Introduction of a convergent billing system,B,"pdf3, CDR Billing (para 1464)"
ERP Project,What does ERP stand for?,Enterprise Resource Programming,Enterprise Resource Planning,Effective Resource Processing,Essential Resource Provision,B,"pdf3, ERP Project (para 1475)"
ERP Project,Which of the following is NOT a component covered by ERP systems?,Human Resources,Supply Chain Management,Marketing,Warehouse Management,C,"pdf3, ERP Project (para 1481)"
ERP Project,What is the main goal of ERP systems?,Isolate data and processes,Create independent databases,Integrate data and processes from all areas of an organization,Implement stand-alone software applications,C,"pdf3, ERP Project (para 1487)"
ERP Project,Which of the following is a benefit of using ERP?,Increased system incompatibility,Isolation of departments,Decreased productivity,Increased productivity and less types of software,D,"pdf3, ERP Project (para 1493)"
ERP Project,What is the main objective of ERP integration?,Isolation of data,Creating separate databases for each department,Integration of data and processes from all areas of an organization,Ensuring system incompatibility,C,"pdf3, ERP Project (para 1499)"
ERP Project,What does MIS stand for in the context of ERP?,Management Information System,Manufacturing Integration System,Marketing Information Software,Module Integration System,A,"pdf3, ERP Project (para 1505)"
ERP Project,"In ERP, how are transactions treated compared to traditional application systems?",Separately as stand-alone activities,As inter-linked processes,Confined to departmental boundaries,Stored in independent databases,B,"pdf3, ERP Project (para 1511)"
ERP Project,Which of the following is a key partner for the ERP project in BSNL?,Microsoft,HCL Infosystem,Google,Apple,B,"pdf3, ERP Project (para 1517)"
ERP Project,What is the primary ERP site for BSNL?,Kolkata,ALTTC Ghaziabad,Hyderabad,CDR Data Centre,C,"pdf3, ERP Project (para 1523)"
ERP Project,Which module is NOT implemented in the ERP for BSNL?,Project System (PS) module,Real Estate Management (REM) module,Marketing and Sales (MS) module,Human Capital Management (HCM) module,C,"pdf3, ERP Project (para 1529)"
ERP Project,What is the purpose of a Controlling Area in BSNL ERP?,To manage inventory,To represent a legal entity,For procurement purposes,For management accounting purposes,D,"pdf3, ERP Project (para 1538)"
ERP Project,Which organizational unit is the smallest for complete independent accounting in BSNL ERP?,Business Area,Profit / Cost Centres,Company Code,Maintenance Planning Plant,C,"pdf3, ERP Project (para 1544)"
ERP Project,What does a Business Area represent in BSNL ERP?,A location where inventory is stored,An area of operations or responsibilities,A manufacturing facility,A sales organization,B,"pdf3, ERP Project (para 1550)"
ERP Project,What is the purpose of Profit / Cost Centres in BSNL ERP?,Legal entity representation,Management-oriented structure for internal control,Procurement responsibilities,Manufacturing facilities,B,"pdf3, ERP Project (para 1556)"
ERP Project,What is a Planning Plant responsible for in BSNL ERP?,Negotiating pricing and delivery terms,Inventory storage,Maintenance planning for a Maintenance Plant,Sales organization planning,C,"pdf3, ERP Project (para 1562)"
ERP Project,Which organizational unit is responsible for procurement in BSNL ERP?,Purchasing Group,Sales Organization,Purchasing Organization,Sales Division,C,"pdf3, ERP Project (para 1568)"
ERP Project,What does a Sales Organization represent in BSNL ERP?,A selling unit in the legal sense,A means of forming coherent groupings of real estate objects,An organizational unit for management accounting,A distribution channel,A,"pdf3, ERP Project (para 1574)"
ERP Project,Which organizational unit is responsible for personnel administration in BSNL ERP?,Business Entity,Personnel Area,Personnel Sub Area,Sales Division,B,"pdf3, ERP Project (para 1580)"
ERP Project,What is the purpose of a Distribution Channel in BSNL ERP?,Inventory storage,Negotiating pricing and delivery terms,Representing a selling unit,Means of distributing goods,D,"pdf3, ERP Project (para 1586)"
ERP Project,Which unit represents a sub-division of the Personnel Area in BSNL ERP?,Business Entity,Controlling Area,Personnel Sub Area,Purchasing Organization,C,"pdf3, ERP Project (para 1592)"
ERP Project,Which component of the SAP window is used to enter transaction codes directly?,Menu Bar,Standard Toolbar,Command Field,Status Bar,C,"pdf3, ERP Project (para 1599)"
ERP Project,What is the purpose of the Standard Toolbar in SAP ERP?,To display transaction codes,To enter system tasks,To provide navigation options,To integrate data and processes,C,"pdf3, ERP Project (para 1605)"
ERP Project,What does the /n prefix before a transaction code in the Command field indicate?,Open the next screen in the current session,Open a new session for the transaction,Start a new transaction,Close the current session,A,"pdf3, ERP Project (para 1611)"
ERP Project,How can you open an application in the navigation area in SAP ERP?,Single-click on its node,Right-click and select Open,Press F2,Double-click its node,D,"pdf3, ERP Project (para 1617)"
ERP Project,"What does a message starting with ""W"" indicate in SAP ERP?",Error message,Warning message,Information message,Required field message,B,"pdf3, ERP Project (para 1623)"
ERP Project,Where do messages appear in SAP ERP?,Title Bar,Status Bar,Command Field,Application Toolbar,B,"pdf3, ERP Project (para 1629)"
ERP Project,How can you start a transaction in SAP ERP using the tree structure?,Single-click on the transaction,Right-click and select Execute,Press Enter,All of the above,D,"pdf3, ERP Project (para 1635)"
ERP Project,What does the Business Workplace in SAP ERP allow you to do?,Enter transaction codes,Send messages,Execute system tasks,Access the Standard Toolbar,B,"pdf3, ERP Project (para 1641)"
ERP Project,Which component of the SAP window is used to integrate the data and processes of an organization?,Menu Bar,Application Toolbar,Command Field,Status Bar,B,"pdf3, ERP Project (para 1647)"
ERP Project,"What is the main purpose of the ERP system, as mentioned in the conclusion section?",Provide real-time data inputs,Ensure data safety in electronic form,Bring efficiency in the working of the organization,All of the above,D,"pdf3, ERP Project (para 1653)"
